query_file;found;search_result;search_distances
000000.txt;False;025618.txt,026213.txt,010692.txt,013558.txt,022999.txt;0.45145318,0.50082946,0.52942115,0.5298209,0.5308616
000001.txt;True;000001.txt,008845.txt,020585.txt,022485.txt,008870.txt;0.4348231,0.50881046,0.52048266,0.52559066,0.52882075
