query_file;found;search_result;search_distances
000000.txt;False;024799.txt,011571.txt,022097.txt,019746.txt,003746.txt;0.10656378,0.10886782,0.11283155,0.11659789,0.11663267
000001.txt;True;000001.txt,000953.txt,025107.txt,008154.txt,020109.txt;0.0,0.1282201,0.16416568,0.17194271,0.17625809
