query_file;found;search_result;search_distances
000000.txt;True;007740.txt,026588.txt,000647.txt,000000.txt,022295.txt;0.46711203,0.46834624,0.47842157,0.48971254,0.49746355
000001.txt;True;000001.txt,008873.txt,019966.txt,004124.txt,008687.txt;0.61916095,0.6431924,0.64683676,0.65416765,0.6625299
