query_file;found;search_result;search_distances
000000.txt;False;027972.txt,012147.txt,023617.txt,009121.txt,026396.txt,016609.txt,026586.txt,030327.txt,023971.txt,025835.txt;10.578246,10.616047,10.765968,11.027954,11.717144,11.744737,11.746405,11.790278,11.791784,11.845234
000001.txt;False;027900.txt,013386.txt,013179.txt,026631.txt,022617.txt,023999.txt,024519.txt,026679.txt,030271.txt,001145.txt;20.24951,20.375063,22.029835,22.22092,22.28983,22.43088,22.574226,22.57433,22.595451,22.744164
