query_file;found;search_result;search_distances
000000.txt;False;027972.txt,012147.txt,023617.txt,009121.txt,026396.txt;10.578246,10.616047,10.765968,11.027954,11.717144
000001.txt;False;027900.txt,013386.txt,013179.txt,002822.txt,026631.txt;20.24951,20.375063,22.029835,22.107021,22.22092
