query_file;found;search_result;search_distances
000000.txt;False;001260.txt,002716.txt,004845.txt,027440.txt,010192.txt,011985.txt,005056.txt,020592.txt,018533.txt,022382.txt;43.227318,43.74756,44.173126,44.355072,46.376846,46.86709,47.436485,47.656998,47.951473,48.201107
000001.txt;True;000001.txt,004338.txt,014461.txt,006443.txt,005607.txt,015004.txt,007320.txt,023730.txt,013600.txt,029180.txt;0.0,13.565576,15.28417,16.448032,18.056326,18.24893,19.314545,19.338324,19.602829,19.760191
