query_file;found;search_result;search_distances
000000.txt;False;020885.txt,023774.txt,019537.txt,014598.txt,011867.txt;10.628895,11.407943,11.450945,11.573169,11.9909
000001.txt;False;021700.txt,011867.txt,020885.txt,004941.txt,025009.txt;19.281773,19.583574,20.275963,20.410099,20.539001
